{"train_loss": 0.05263157933950424, "train_acc": 0.052455357142857144, "test_loss": 0.05263157933950424, "test_acc": 0.05333333333333334, "_timestamp": 1688154356.4474041, "_runtime": 1420.0645382404327, "_step": 4, "_wandb": {"runtime": 1422}}